Supplier,DescCol,QtyCol,PriceCol
MAJESTIC FREIGHT FORWARDERS SERVICE,SPECIFICATION OF COMMODITIES,QUANTITY (DOZ),UNIT PRICE
"K3WORLDWIDE,S.A.",SPECIFICATION OF COMMODITIES,QUANTITY (DOZ),UNIT PRICE
Thomas Investments Ltd.,SPECIFICATION OF COMMODITIES,QUANTITY (DOZ),UNIT PRICE
Kaso Worldwide Limited,SPECIFICATION OF COMMODITIES,QUANTITY (DOZ),UNIT PRICE
CELEBRITY PINK,SPECIFICATION OF COMMODITIES,QUANTITY (DOZ),UNIT PRICE
Celebrity Pink,SPECIFICATION OF COMMODITIES,QUANTITY (DOZ),UNIT PRICE
DC GARMENTS,SPECIFICATION OF COMMODITIES,QUANTITY (DOZ),UNIT PRICE
Kaso Worldwide,SPECIFICATION OF COMMODITIES,QUANTITY (DOZ),UNIT PRICE
Select a Supplier...,SPECIFICATION OF COMMODITIES,QUANTITY (DOZ),UNIT PRICE
K3 Worldwide,SPECIFICATION OF COMMODITIES,QUANTITY (DOZ),UNIT PRICE
